match_number,round,datetime_utc,date,location,group,home,away,home_score,away_score,winner,teams_known,played,stage
1,1,2026-06-11 19:00:00+00:00,2026-06-11,Mexico City Stadium,Group A,Mexico,South Africa,2.0,0.0,Mexico,True,True,group
2,1,2026-06-12 02:00:00+00:00,2026-06-12,Guadalajara Stadium,Group A,Korea Republic,Czechia,2.0,1.0,Korea Republic,True,True,group
3,1,2026-06-12 19:00:00+00:00,2026-06-12,Toronto Stadium,Group B,Canada,Bosnia and Herzegovina,1.0,1.0,Draw,True,True,group
4,1,2026-06-13 01:00:00+00:00,2026-06-13,Los Angeles Stadium,Group D,USA,Paraguay,4.0,1.0,USA,True,True,group
5,1,2026-06-14 01:00:00+00:00,2026-06-14,Boston Stadium,Group C,Haiti,Scotland,0.0,1.0,Scotland,True,True,group
6,1,2026-06-14 04:00:00+00:00,2026-06-14,BC Place Vancouver,Group D,Australia,Türkiye,2.0,0.0,Australia,True,True,group
7,1,2026-06-13 22:00:00+00:00,2026-06-13,New York/New Jersey Stadium,Group C,Brazil,Morocco,1.0,1.0,Draw,True,True,group
8,1,2026-06-13 19:00:00+00:00,2026-06-13,San Francisco Bay Area Stadium,Group B,Qatar,Switzerland,1.0,1.0,Draw,True,True,group
9,1,2026-06-14 23:00:00+00:00,2026-06-14,Philadelphia Stadium,Group E,Côte d'Ivoire,Ecuador,1.0,0.0,Côte d'Ivoire,True,True,group
10,1,2026-06-14 17:00:00+00:00,2026-06-14,Houston Stadium,Group E,Germany,Curaçao,7.0,1.0,Germany,True,True,group
11,1,2026-06-14 20:00:00+00:00,2026-06-14,Dallas Stadium,Group F,Netherlands,Japan,2.0,2.0,Draw,True,True,group
12,1,2026-06-15 02:00:00+00:00,2026-06-15,Monterrey Stadium,Group F,Sweden,Tunisia,5.0,1.0,Sweden,True,True,group
13,1,2026-06-15 22:00:00+00:00,2026-06-15,Miami Stadium,Group H,Saudi Arabia,Uruguay,1.0,1.0,Draw,True,True,group
14,1,2026-06-15 16:00:00+00:00,2026-06-15,Atlanta Stadium,Group H,Spain,Cabo Verde,0.0,0.0,Draw,True,True,group
15,1,2026-06-16 01:00:00+00:00,2026-06-16,Los Angeles Stadium,Group G,IR Iran,New Zealand,2.0,2.0,Draw,True,True,group
16,1,2026-06-15 19:00:00+00:00,2026-06-15,Seattle Stadium,Group G,Belgium,Egypt,1.0,1.0,Draw,True,True,group
17,1,2026-06-16 19:00:00+00:00,2026-06-16,New York/New Jersey Stadium,Group I,France,Senegal,3.0,1.0,France,True,True,group
18,1,2026-06-16 22:00:00+00:00,2026-06-16,Boston Stadium,Group I,Iraq,Norway,1.0,4.0,Norway,True,True,group
19,1,2026-06-17 01:00:00+00:00,2026-06-17,Kansas City Stadium,Group J,Argentina,Algeria,3.0,0.0,Argentina,True,True,group
20,1,2026-06-17 04:00:00+00:00,2026-06-17,San Francisco Bay Area Stadium,Group J,Austria,Jordan,3.0,1.0,Austria,True,True,group
21,1,2026-06-17 23:00:00+00:00,2026-06-17,Toronto Stadium,Group L,Ghana,Panama,1.0,0.0,Ghana,True,True,group
22,1,2026-06-17 20:00:00+00:00,2026-06-17,Dallas Stadium,Group L,England,Croatia,4.0,2.0,England,True,True,group
23,1,2026-06-17 17:00:00+00:00,2026-06-17,Houston Stadium,Group K,Portugal,Congo DR,1.0,1.0,Draw,True,True,group
24,1,2026-06-18 02:00:00+00:00,2026-06-18,Mexico City Stadium,Group K,Uzbekistan,Colombia,1.0,3.0,Colombia,True,True,group
25,2,2026-06-18 16:00:00+00:00,2026-06-18,Atlanta Stadium,Group A,Czechia,South Africa,1.0,1.0,Draw,True,True,group
26,2,2026-06-18 19:00:00+00:00,2026-06-18,Los Angeles Stadium,Group B,Switzerland,Bosnia and Herzegovina,4.0,1.0,Switzerland,True,True,group
27,2,2026-06-18 22:00:00+00:00,2026-06-18,BC Place Vancouver,Group B,Canada,Qatar,6.0,0.0,Canada,True,True,group
28,2,2026-06-19 01:00:00+00:00,2026-06-19,Guadalajara Stadium,Group A,Mexico,Korea Republic,1.0,0.0,Mexico,True,True,group
29,2,2026-06-20 00:30:00+00:00,2026-06-20,Philadelphia Stadium,Group C,Brazil,Haiti,3.0,0.0,Brazil,True,True,group
30,2,2026-06-19 22:00:00+00:00,2026-06-19,Boston Stadium,Group C,Scotland,Morocco,0.0,1.0,Morocco,True,True,group
31,2,2026-06-20 03:00:00+00:00,2026-06-20,San Francisco Bay Area Stadium,Group D,Türkiye,Paraguay,0.0,1.0,Paraguay,True,True,group
32,2,2026-06-19 19:00:00+00:00,2026-06-19,Seattle Stadium,Group D,USA,Australia,2.0,0.0,USA,True,True,group
33,2,2026-06-20 20:00:00+00:00,2026-06-20,Toronto Stadium,Group E,Germany,Côte d'Ivoire,2.0,1.0,Germany,True,True,group
34,2,2026-06-21 00:00:00+00:00,2026-06-21,Kansas City Stadium,Group E,Ecuador,Curaçao,0.0,0.0,Draw,True,True,group
35,2,2026-06-20 17:00:00+00:00,2026-06-20,Houston Stadium,Group F,Netherlands,Sweden,5.0,1.0,Netherlands,True,True,group
36,2,2026-06-21 04:00:00+00:00,2026-06-21,Monterrey Stadium,Group F,Tunisia,Japan,0.0,4.0,Japan,True,True,group
37,2,2026-06-21 22:00:00+00:00,2026-06-21,Miami Stadium,Group H,Uruguay,Cabo Verde,2.0,2.0,Draw,True,True,group
38,2,2026-06-21 16:00:00+00:00,2026-06-21,Atlanta Stadium,Group H,Spain,Saudi Arabia,4.0,0.0,Spain,True,True,group
39,2,2026-06-21 19:00:00+00:00,2026-06-21,Los Angeles Stadium,Group G,Belgium,IR Iran,0.0,0.0,Draw,True,True,group
40,2,2026-06-22 01:00:00+00:00,2026-06-22,BC Place Vancouver,Group G,New Zealand,Egypt,1.0,3.0,Egypt,True,True,group
41,2,2026-06-23 00:00:00+00:00,2026-06-23,New York/New Jersey Stadium,Group I,Norway,Senegal,3.0,2.0,Norway,True,True,group
42,2,2026-06-22 21:00:00+00:00,2026-06-22,Philadelphia Stadium,Group I,France,Iraq,3.0,0.0,France,True,True,group
43,2,2026-06-22 17:00:00+00:00,2026-06-22,Dallas Stadium,Group J,Argentina,Austria,2.0,0.0,Argentina,True,True,group
44,2,2026-06-23 03:00:00+00:00,2026-06-23,San Francisco Bay Area Stadium,Group J,Jordan,Algeria,1.0,2.0,Algeria,True,True,group
45,2,2026-06-23 20:00:00+00:00,2026-06-23,Boston Stadium,Group L,England,Ghana,0.0,0.0,Draw,True,True,group
46,2,2026-06-23 23:00:00+00:00,2026-06-23,Toronto Stadium,Group L,Panama,Croatia,0.0,1.0,Croatia,True,True,group
47,2,2026-06-23 17:00:00+00:00,2026-06-23,Houston Stadium,Group K,Portugal,Uzbekistan,5.0,0.0,Portugal,True,True,group
48,2,2026-06-24 02:00:00+00:00,2026-06-24,Guadalajara Stadium,Group K,Colombia,Congo DR,1.0,0.0,Colombia,True,True,group
49,3,2026-06-24 22:00:00+00:00,2026-06-24,Miami Stadium,Group C,Scotland,Brazil,,,,True,False,group
50,3,2026-06-24 22:00:00+00:00,2026-06-24,Atlanta Stadium,Group C,Morocco,Haiti,,,,True,False,group
51,3,2026-06-24 19:00:00+00:00,2026-06-24,BC Place Vancouver,Group B,Switzerland,Canada,,,,True,False,group
52,3,2026-06-24 19:00:00+00:00,2026-06-24,Seattle Stadium,Group B,Bosnia and Herzegovina,Qatar,,,,True,False,group
53,3,2026-06-25 01:00:00+00:00,2026-06-25,Mexico City Stadium,Group A,Czechia,Mexico,,,,True,False,group
54,3,2026-06-25 01:00:00+00:00,2026-06-25,Monterrey Stadium,Group A,South Africa,Korea Republic,,,,True,False,group
55,3,2026-06-25 20:00:00+00:00,2026-06-25,Philadelphia Stadium,Group E,Curaçao,Côte d'Ivoire,,,,True,False,group
56,3,2026-06-25 20:00:00+00:00,2026-06-25,New York/New Jersey Stadium,Group E,Ecuador,Germany,,,,True,False,group
57,3,2026-06-25 23:00:00+00:00,2026-06-25,Dallas Stadium,Group F,Japan,Sweden,,,,True,False,group
58,3,2026-06-25 23:00:00+00:00,2026-06-25,Kansas City Stadium,Group F,Tunisia,Netherlands,,,,True,False,group
59,3,2026-06-26 02:00:00+00:00,2026-06-26,Los Angeles Stadium,Group D,Türkiye,USA,,,,True,False,group
60,3,2026-06-26 02:00:00+00:00,2026-06-26,San Francisco Bay Area Stadium,Group D,Paraguay,Australia,,,,True,False,group
61,3,2026-06-26 19:00:00+00:00,2026-06-26,Boston Stadium,Group I,Norway,France,,,,True,False,group
62,3,2026-06-26 19:00:00+00:00,2026-06-26,Toronto Stadium,Group I,Senegal,Iraq,,,,True,False,group
63,3,2026-06-27 03:00:00+00:00,2026-06-27,Seattle Stadium,Group G,Egypt,IR Iran,,,,True,False,group
64,3,2026-06-27 03:00:00+00:00,2026-06-27,BC Place Vancouver,Group G,New Zealand,Belgium,,,,True,False,group
65,3,2026-06-27 00:00:00+00:00,2026-06-27,Houston Stadium,Group H,Cabo Verde,Saudi Arabia,,,,True,False,group
66,3,2026-06-27 00:00:00+00:00,2026-06-27,Guadalajara Stadium,Group H,Uruguay,Spain,,,,True,False,group
67,3,2026-06-27 21:00:00+00:00,2026-06-27,New York/New Jersey Stadium,Group L,Panama,England,,,,True,False,group
68,3,2026-06-27 21:00:00+00:00,2026-06-27,Philadelphia Stadium,Group L,Croatia,Ghana,,,,True,False,group
69,3,2026-06-28 02:00:00+00:00,2026-06-28,Kansas City Stadium,Group J,Algeria,Austria,,,,True,False,group
70,3,2026-06-28 02:00:00+00:00,2026-06-28,Dallas Stadium,Group J,Jordan,Argentina,,,,True,False,group
71,3,2026-06-27 23:30:00+00:00,2026-06-27,Miami Stadium,Group K,Colombia,Portugal,,,,True,False,group
72,3,2026-06-27 23:30:00+00:00,2026-06-27,Atlanta Stadium,Group K,Congo DR,Uzbekistan,,,,True,False,group
73,4,2026-06-28 19:00:00+00:00,2026-06-28,Los Angeles Stadium,,2A,2B,,,,False,False,round_of_32
74,4,2026-06-29 20:30:00+00:00,2026-06-29,Boston Stadium,,Germany,3ABCDF,,,,False,False,round_of_32
75,4,2026-06-30 01:00:00+00:00,2026-06-30,Monterrey Stadium,,1F,2C,,,,False,False,round_of_32
76,4,2026-06-29 17:00:00+00:00,2026-06-29,Houston Stadium,,1C,2F,,,,False,False,round_of_32
77,4,2026-06-30 21:00:00+00:00,2026-06-30,New York/New Jersey Stadium,,1I,3CDFGH,,,,False,False,round_of_32
78,4,2026-06-30 17:00:00+00:00,2026-06-30,Dallas Stadium,,2E,2I,,,,False,False,round_of_32
79,4,2026-07-01 01:00:00+00:00,2026-07-01,Mexico City Stadium,,Mexico,3CEFHI,,,,False,False,round_of_32
80,4,2026-07-01 16:00:00+00:00,2026-07-01,Atlanta Stadium,,1L,3EHIJK,,,,False,False,round_of_32
81,4,2026-07-02 00:00:00+00:00,2026-07-02,San Francisco Bay Area Stadium,,USA,3BEFIJ,,,,False,False,round_of_32
82,4,2026-07-01 20:00:00+00:00,2026-07-01,Seattle Stadium,,1G,3AEHIJ,,,,False,False,round_of_32
83,4,2026-07-02 23:00:00+00:00,2026-07-02,Toronto Stadium,,2K,2L,,,,False,False,round_of_32
84,4,2026-07-02 19:00:00+00:00,2026-07-02,Los Angeles Stadium,,1H,2J,,,,False,False,round_of_32
85,4,2026-07-03 03:00:00+00:00,2026-07-03,BC Place Vancouver,,1B,3EFGIJ,,,,False,False,round_of_32
86,4,2026-07-03 22:00:00+00:00,2026-07-03,Miami Stadium,,Argentina,2H,,,,False,False,round_of_32
87,4,2026-07-04 01:30:00+00:00,2026-07-04,Kansas City Stadium,,1K,3DEIJL,,,,False,False,round_of_32
88,4,2026-07-03 18:00:00+00:00,2026-07-03,Dallas Stadium,,2D,2G,,,,False,False,round_of_32
89,5,2026-07-04 21:00:00+00:00,2026-07-04,Philadelphia Stadium,,To be announced,To be announced,,,,False,False,round_of_16
90,5,2026-07-04 17:00:00+00:00,2026-07-04,Houston Stadium,,To be announced,To be announced,,,,False,False,round_of_16
91,5,2026-07-05 20:00:00+00:00,2026-07-05,New York/New Jersey Stadium,,To be announced,To be announced,,,,False,False,round_of_16
92,5,2026-07-06 00:00:00+00:00,2026-07-06,Mexico City Stadium,,To be announced,To be announced,,,,False,False,round_of_16
93,5,2026-07-06 19:00:00+00:00,2026-07-06,Dallas Stadium,,To be announced,To be announced,,,,False,False,round_of_16
94,5,2026-07-07 00:00:00+00:00,2026-07-07,Seattle Stadium,,To be announced,To be announced,,,,False,False,round_of_16
95,5,2026-07-07 16:00:00+00:00,2026-07-07,Atlanta Stadium,,To be announced,To be announced,,,,False,False,round_of_16
96,5,2026-07-07 20:00:00+00:00,2026-07-07,BC Place Vancouver,,To be announced,To be announced,,,,False,False,round_of_16
97,6,2026-07-09 20:00:00+00:00,2026-07-09,Boston Stadium,,To be announced,To be announced,,,,False,False,quarter
98,6,2026-07-10 19:00:00+00:00,2026-07-10,Los Angeles Stadium,,To be announced,To be announced,,,,False,False,quarter
99,6,2026-07-11 21:00:00+00:00,2026-07-11,Miami Stadium,,To be announced,To be announced,,,,False,False,quarter
100,6,2026-07-12 01:00:00+00:00,2026-07-12,Kansas City Stadium,,To be announced,To be announced,,,,False,False,quarter
101,7,2026-07-14 19:00:00+00:00,2026-07-14,Dallas Stadium,,To be announced,To be announced,,,,False,False,semi
102,7,2026-07-15 19:00:00+00:00,2026-07-15,Atlanta Stadium,,To be announced,To be announced,,,,False,False,semi
103,8,2026-07-18 21:00:00+00:00,2026-07-18,Miami Stadium,,To be announced,To be announced,,,,False,False,final
104,8,2026-07-19 19:00:00+00:00,2026-07-19,New York/New Jersey Stadium,,To be announced,To be announced,,,,False,False,final
